{
  "train_loss": [
    1.6883977413177491,
    1.6413774490356445,
    1.581987996896108,
    1.576033107439677,
    1.5379417002201081,
    1.5560053904851279,
    1.4733773072560628,
    1.541543318827947,
    1.4774149298667907,
    1.476354964574178,
    1.4059254507223764,
    1.3465724050998689,
    1.23517786860466,
    1.1652696589628855,
    1.179417230685552,
    1.1259038627147675,
    1.0536441822846732,
    1.1186082065105438,
    1.105708372592926,
    0.9741034507751465,
    1.031255124012629,
    0.9980746686458588,
    0.9252694497505823,
    0.9090041935443878,
    0.9984470585982005,
    0.9389643847942353,
    0.9341552048921585,
    0.8660955429077148,
    0.9427845964829127,
    0.9215870082378388,
    0.9396228382984797,
    0.8914515634377798,
    0.9321513344844182,
    0.8436654597520828,
    0.8501980264981588,
    0.8164287805557251,
    0.8802024006843567,
    0.8010682652393977,
    0.78151709040006,
    0.7033364762862523,
    0.78431811829408,
    0.7266122758388519,
    0.7483525057633718,
    0.7114171067873637,
    0.7378707418839137,
    0.7347022841374079,
    0.6893591552972793,
    0.7696895390748978,
    0.7203916857639948,
    0.6871178726355235,
    0.7635755946238836,
    0.697940319776535,
    0.6534112771352132,
    0.6883989880482356,
    0.5988556921482087,
    0.6785152852535248,
    0.6266974866390228,
    0.6106760501861572,
    0.6559030791123708,
    0.6136744250853856,
    0.5990966816743215,
    0.6401427904764811,
    0.6578842371702194,
    0.6464485665162404,
    0.5490300844113032,
    0.6284077554941178,
    0.5929501915971438,
    0.5925367703040441,
    0.6305948346853256,
    0.608695254723231,
    0.5730538785457611,
    0.6043060749769211,
    0.5478569194674492,
    0.5652949512004852,
    0.5499400486548741,
    0.6517003844181697,
    0.5832735071579616,
    0.6141560743252437,
    0.6052418927351634,
    0.617972672979037,
    0.6262804046273232,
    0.5879687299331029,
    0.5716089934110642,
    0.5828224703669548,
    0.5984279692173005,
    0.6180572907129923,
    0.58520461221536,
    0.578369003534317,
    0.6551434218883514,
    0.5430922081073125
  ],
  "val_loss": [
    1.9859488606452942,
    1.958997219800949,
    1.9364361763000488,
    1.9087210297584534,
    1.8843069970607758,
    1.871768832206726,
    1.8478091657161713,
    1.819596290588379,
    1.806797593832016,
    1.7829647660255432,
    1.7301447689533234,
    1.696536123752594,
    1.5195844173431396,
    1.4168453216552734,
    1.4058396518230438,
    1.2960048913955688,
    1.2502021789550781,
    1.351314514875412,
    1.259458750486374,
    1.185797080397606,
    1.1665084660053253,
    1.155755341053009,
    1.1705307215452194,
    1.175596535205841,
    1.1156939715147018,
    1.0385791808366776,
    1.1086497157812119,
    1.102347657084465,
    1.129788100719452,
    1.0813717246055603,
    1.0236895084381104,
    1.0291263461112976,
    1.1287524849176407,
    1.0583045482635498,
    1.0406841039657593,
    1.1132037341594696,
    1.02492156624794,
    0.989799976348877,
    0.9968121200799942,
    0.9680947512388229,
    0.988535538315773,
    0.9312969744205475,
    0.9359224289655685,
    1.0050143897533417,
    0.9336367547512054,
    0.9523234814405441,
    0.9582143127918243,
    0.8809701055288315,
    0.9125595688819885,
    0.9570681005716324,
    0.8961298316717148,
    0.8905677050352097,
    0.8886994421482086,
    0.8995896428823471,
    0.8994935899972916,
    0.8926734328269958,
    0.881256639957428,
    0.915926605463028,
    0.9041352570056915,
    0.8694159835577011,
    0.9125256091356277,
    0.9171446710824966,
    0.9087433964014053,
    0.9216561615467072,
    0.8967115730047226,
    0.9113985747098923,
    0.9348157048225403,
    0.9325596839189529,
    0.9409329146146774,
    0.9116882979869843,
    0.9250279515981674,
    0.8901109993457794,
    0.8963018506765366,
    0.9014126062393188,
    0.9026126712560654,
    0.8956640958786011,
    0.9114424735307693,
    0.9029612392187119,
    0.8959618657827377,
    0.8860314935445786,
    0.8774163126945496,
    0.8847821205854416,
    0.8821326494216919,
    0.8949499875307083,
    0.8957146108150482,
    0.8953462094068527,
    0.895549863576889,
    0.8919878154993057,
    0.8891976624727249,
    0.8873632401227951
  ],
  "val_cosine_similarity": [
    0.05392020242288709,
    0.07070751208811998,
    0.0748668247833848,
    0.07435194728896022,
    0.07575848512351513,
    0.0738569563254714,
    0.07571420911699533,
    0.08119969407562166,
    0.07977502071298659,
    0.07747434824705124,
    0.0985338888131082,
    0.12304305750876665,
    0.20522633683867753,
    0.24672780185937881,
    0.27032769098877907,
    0.2950063906610012,
    0.3483152613043785,
    0.3066856265068054,
    0.3402073457837105,
    0.3596092164516449,
    0.39273762702941895,
    0.40345050394535065,
    0.37475092709064484,
    0.3942660465836525,
    0.4003528542816639,
    0.45725175738334656,
    0.4057859443128109,
    0.4111505560576916,
    0.39416537433862686,
    0.4329691156744957,
    0.4649139493703842,
    0.4596796855330467,
    0.3808312378823757,
    0.4322036914527416,
    0.44280773401260376,
    0.4038866274058819,
    0.4490029737353325,
    0.4719715565443039,
    0.46931125968694687,
    0.4941571429371834,
    0.48824018612504005,
    0.5226238630712032,
    0.5068472176790237,
    0.46636174619197845,
    0.5061492621898651,
    0.48997215181589127,
    0.5030947178602219,
    0.551106683909893,
    0.5250031724572182,
    0.4860632121562958,
    0.5404082387685776,
    0.5444168299436569,
    0.5279340371489525,
    0.5328839123249054,
    0.529000885784626,
    0.5335117429494858,
    0.5458687990903854,
    0.5298797711730003,
    0.5345569178462029,
    0.5533488318324089,
    0.5245698466897011,
    0.5169040635228157,
    0.5246237069368362,
    0.5169541239738464,
    0.5299701914191246,
    0.5317824706435204,
    0.5161090567708015,
    0.5210504233837128,
    0.5107193142175674,
    0.524614192545414,
    0.5213421806693077,
    0.5365017130970955,
    0.5342841669917107,
    0.5329578816890717,
    0.5319546759128571,
    0.5367871224880219,
    0.5280717834830284,
    0.5341039374470711,
    0.5373754948377609,
    0.5433719083666801,
    0.5458310171961784,
    0.5423066169023514,
    0.544096440076828,
    0.5390480011701584,
    0.537874385714531,
    0.5375218987464905,
    0.5375443920493126,
    0.5395274087786674,
    0.5403150990605354,
    0.5410063415765762
  ],
  "learnable_weights": {
    "angle_weight": [
      0.2,
      0.2,
      0.2,
      0.2,
      0.2,
      0.2,
      0.2,
      0.2,
      0.2,
      0.2,
      0.2,
      0.2,
      0.2,
      0.2,
      0.2,
      0.2,
      0.2,
      0.2,
      0.2,
      0.2,
      0.2,
      0.2,
      0.2,
      0.2,
      0.2,
      0.2,
      0.2,
      0.2,
      0.2,
      0.2,
      0.2,
      0.2,
      0.2,
      0.2,
      0.2,
      0.2,
      0.2,
      0.2,
      0.2,
      0.2,
      0.2,
      0.2,
      0.2,
      0.2,
      0.2,
      0.2,
      0.2,
      0.2,
      0.2,
      0.2,
      0.2,
      0.2,
      0.2,
      0.2,
      0.2,
      0.2,
      0.2,
      0.2,
      0.2,
      0.2,
      0.2,
      0.2,
      0.2,
      0.2,
      0.2,
      0.2,
      0.2,
      0.2,
      0.2,
      0.2,
      0.2,
      0.2,
      0.2,
      0.2,
      0.2,
      0.2,
      0.2,
      0.2,
      0.2,
      0.2,
      0.2,
      0.2,
      0.2,
      0.2,
      0.2,
      0.2,
      0.2,
      0.2,
      0.2,
      0.2
    ],