{
  "train_loss": [
    1.0935339028096052,
    0.8696941554668748,
    0.8630278227999959,
    0.8285905560000476,
    0.8051644745196772,
    0.7890506731824342,
    0.7778371659621933,
    0.7727802278477798,
    0.7617347037048677,
    0.748654497477553,
    0.7527735245087064,
    0.7261063292224794,
    0.7310706325777991,
    0.7233514366881804,
    0.7225389669609144,
    0.7185698132235289,
    0.7188089235247834,
    0.7035495824499909,
    0.7141110927815065,
    0.7161227386039385,
    0.7062342589074704,
    0.6870326906886312,
    0.680340305318792,
    0.676566183253419,
    0.6872036825574828,
    0.67375135119599,
    0.6697166436667377,
    0.6707921408545188,
    0.6691440235846341,
    0.6651579081300776,
    0.6594668804903111,
    0.6509150752809197,
    0.6316163055751726,
    0.6320509623460763,
    0.6275487766052296,
    0.6111148249403836,
    0.5960470064441832,
    0.5830770164605773,
    0.5617639637634434,
    0.5628908363914833,
    0.5419098747553767,
    0.5488811054150334,
    0.52249139020491,
    0.5235777098333627,
    0.5150109283985604,
    0.5133524040578725,
    0.5222290989520215,
    0.5059875054380548,
    0.4730698035569055,
    0.45777424958054536,
    0.45189707942720064,
    0.44641949579567175,
    0.43891957311774366,
    0.43650483980763405,
    0.44563232258333224,
    0.4300852068441727,
    0.4303726211096518,
    0.4201395213288433,
    0.40815795302387226,
    0.40243177685420006,
    0.4013727267618909,
    0.3982058040170454,
    0.39566245387562643,
    0.3833813255191905,
    0.3835960573161086,
    0.3795735020213426,
    0.3733826130982374,
    0.38648824787027447,
    0.37959672733797123,
    0.3712637082442213,
    0.37056640215175995,
    0.3679855462867438,
    0.36244877592184305,
    0.37751406978995555,
    0.3670571619430576,
    0.35797983167972225,
    0.3600834052941859,
    0.3648526394439505,
    0.3610886865968623,
    0.36128640176921517,
    0.36371838633789544
  ],
  "val_loss": [
    1.029328292559001,
    1.020211197374281,
    1.0167077756371379,
    0.9742960947111619,
    0.9500820784529379,
    0.9537990688046148,
    0.9815572011323015,
    0.9322745362835482,
    0.965846820434263,
    0.905885824425654,
    0.8908593599215027,
    0.9022940364012049,
    0.9228866522100346,
    0.8537435455263154,
    0.8471788268320817,
    0.8653322934242319,
    0.8706406773614489,
    0.9571604592002128,
    0.8566165321375713,
    0.8567762749869962,
    0.9001576580907688,
    0.8516315745174392,
    0.8625612522452331,
    0.8476482651019392,
    0.8294082227940401,
    0.8363285846392478,
    0.8452015151539125,
    0.8202803794386958,
    0.8262994684402115,
    0.8045430059029051,
    0.8242209472747382,
    0.8275704345673569,
    0.8102462463511908,
    0.7851274089872344,
    0.7483880324981922,
    0.7986911243397342,
    0.7738441045372939,
    0.7375845783813433,
    0.7621759049409678,
    0.7493771695462633,
    0.7705642655491829,
    0.7037526218235985,
    0.7079438240813815,
    0.7892921670409273,
    0.8187387706327044,
    0.7149891688927146,
    0.7444478272929911,
    0.7274507151778079,
    0.7458667340111141,
    0.7371847482536696,
    0.682003396948076,
    0.7050769043208893,
    0.6993590877352913,
    0.6905346552972212,
    0.7270363179181726,
    0.7163905074188778,
    0.7190466905551508,
    0.7093908867667899,
    0.7191057153785032,
    0.7231369373688766,
    0.6873723642269441,
    0.7166482066843382,
    0.7132345792213993,
    0.7239744689100045,
    0.7213853105656372,
    0.7177711781730091,
    0.7200463544115547,
    0.7276900938658182,
    0.7181107941322213,
    0.7246078771639092,
    0.714588200673461,
    0.7109676367672514,
    0.7144347150417522,
    0.7128029019487175,
    0.7140061096634623,
    0.7131652128536347,
    0.7122082026244319,
    0.7176191957190263,
    0.7158785983689191,
    0.7181514994402932,
    0.7093108725880296
  ],
  "learnable_weights": {
    "angle_weight": [
      0.31751763820648193,
      0.30221423506736755,
      0.2782316207885742,
      0.2991622984409332,
      0.29506272077560425,
      0.2990550100803375,
      0.3621129095554352,
      0.36477217078208923,
      0.3802433907985687,
      0.38596680760383606,
      0.38671591877937317,
      0.39335736632347107,
      0.40299564599990845,
      0.42415550351142883,
      0.4286683201789856,
      0.449379026889801,
      0.5032280683517456,
      0.512326717376709,
      0.523038923740387,
      0.4834119975566864,
      0.4951252341270447,
      0.4940377175807953,
      0.4927017092704773,
      0.48694145679473877,
      0.4889618754386902,
      0.48202642798423767,
      0.4804275333881378,
      0.4491329789161682,
      0.4353099763393402,
      0.41040194034576416,
      0.40735751390457153,
      0.3923419713973999,
      0.389663428068161,
      0.3803645670413971,
      0.363642156124115,
      0.3542536497116089,
      0.3569416403770447,
      0.3443693518638611,
      0.3344288468360901,
      0.3340148329734802,
      0.33419132232666016,
      0.3298545479774475,
      0.325651615858078,
      0.3124257028102875,
      0.3239036798477173,
      0.31960731744766235,
      0.3011285662651062,
      0.3018888533115387,
      0.30098551511764526,
      0.29591184854507446,
      0.29682227969169617,
      0.29694047570228577,
      0.2964332103729248,
      0.297686904668808,
      0.29859986901283264,
      0.29992321133613586,
      0.29683980345726013,
      0.2939107418060303,
      0.2974942624568939,
      0.29669082164764404,
      0.30087921023368835,
      0.2981809675693512,
      0.30023694038391113,
      0.2992870807647705,
      0.2989457845687866,
      0.29929712414741516,
      0.29844459891319275,
      0.2993612587451935,
      0.29797646403312683,
      0.2982161045074463,
      0.2985994219779968,
      0.299327552318573,
      0.2992415130138397,
      0.2999648451805115,
      0.29904356598854065,
      0.2989416718482971,
      0.29879680275917053,
      0.29931995272636414,
      0.29973655939102173,
      0.2993883192539215,
      0.3001776337623596
    ],