{
  "train_loss": [
    0.8690932174758255,
    0.8665800675963964,
    0.866377916057007,
    0.8662774619288758,
    0.8654829910985009,
    0.8651233168445084,
    0.865369083210673,
    0.8630089734124452,
    0.8648657046518532,
    0.8634766473968416,
    0.8629814233225473,
    0.8628051252519325,
    0.8620420977381466,
    0.8623199844752004,
    0.8619054988699772,
    0.8605112329706763,
    0.8522107242864749,
    0.8407469338735516,
    0.8389911965392454,
    0.8424800620768105,
    0.8476784220405184,
    0.8425770900546893,
    0.8411652680325802,
    0.8422472773911527,
    0.8445746291895422,
    0.8394799178630664,
    0.8365932514535328,
    0.8322441049486216,
    0.8313129941724409,
    0.8288790268605495,
    0.8166795504839758,
    0.8089169979217851,
    0.8201244490745131,
    0.7984376270974196,
    0.7797543379560389,
    0.7854528789249778,
    0.7774349977654353,
    0.783327297714885,
    0.8153071734801822,
    0.8161906817702297,
    0.79398383409764,
    0.7895577314483802,
    0.7739962653182371,
    0.7758406769614322,
    0.7782352499862716,
    0.7708905620129446,
    0.7775924251447346,
    0.7705639926162099,
    0.764504676673263,
    0.7625237255064614,
    0.7651264629110663
  ],
  "val_loss": [
    1.0243301300470493,
    1.0536164675862336,
    1.0341956314961773,
    1.0186632433213478,
    1.0175994272567024,
    1.0284688916088136,
    1.0215320148743874,
    1.033521882758653,
    1.025488501984226,
    1.0258145943160886,
    1.0302693545818329,
    1.0232436696359934,
    1.0182131358907243,
    1.022031766570304,
    1.0169505922754933,
    1.013158539602579,
    1.0210035958073356,
    1.0222449577298045,
    1.0177174465469092,
    1.040940147662951,
    1.006401488480489,
    1.0065914828422642,
    1.0353020143902991,
    1.0110455053158043,
    1.0256684125701259,
    1.0463359034504771,
    1.0398187899638798,
    1.0206445999874556,
    1.0548124450051095,
    1.0563364296166364,
    1.0333477238978237,
    1.0514676781478993,
    1.0442800351903458,
    1.034031005314559,
    1.075920577999974,
    1.029597536837759,
    1.0574618061958265,
    1.0424837797633872,
    1.0824237939986316,
    1.06961657944297,
    1.0408341978207107,
    1.0980801689477007,
    1.074064435668228,
    1.0981694115094902,
    1.0854301398450679,
    1.0596929548446796,
    1.0456272810697556,
    1.0120747655876412,
    1.0366458188403735,
    1.0470331140047262,
    1.0501790459244704
  ],
  "learnable_weights": {
    "angle_weight": [
      0.3253941833972931,
      0.3482348322868347,
      0.3377912640571594,
      0.34542638063430786,
      0.34867504239082336,
      0.36078792810440063,
      0.33404383063316345,
      0.3389008343219757,
      0.32440632581710815,
      0.32127779722213745,
      0.31362834572792053,
      0.3142491579055786,
      0.3122667074203491,
      0.2945615351200104,
      0.26855313777923584,
      0.1736658662557602,
      0.1414387971162796,
      0.1389179825782776,
      0.11103448271751404,
      0.10627445578575134,
      0.08972553163766861,
      0.09062359482049942,
      0.08601447939872742,
      0.0801919475197792,
      0.08133087307214737,
      0.0755949541926384,
      0.07926344126462936,
      0.0739283412694931,
      0.08092048019170761,
      0.07998712360858917,
      0.07867981493473053,
      0.07725754380226135,
      0.0734671801328659,
      0.07532698661088943,
      0.07629738748073578,
      0.07577923685312271,
      0.07734786719083786,
      0.07633934915065765,
      0.07732836902141571,
      0.07874096930027008,
      0.07782162725925446,
      0.07866033166646957,
      0.08008057624101639,
      0.07978861033916473,
      0.07920467853546143,
      0.07912577688694,
      0.07863803952932358,
      0.07953468710184097,
      0.07934097945690155,
      0.07953145354986191,
      0.07967719435691833
    ],
    "dihedral_weight": [
      0.33427694439888,
      0.34017229080200195,
      0.3405839204788208,
      0.34795713424682617,
      0.3490442931652069,
      0.3516930937767029,
      0.3560180962085724,
      0.3551652431488037,
      0.3535708487033844,
      0.35057470202445984,
      0.35452985763549805,
      0.35069215297698975,
      0.34043335914611816,
      0.3239871859550476,
      0.30756649374961853,
      0.220107302069664,
      0.1787181943655014,
      0.1604924201965332,
      0.14027881622314453,
      0.13220447301864624,
      0.11310312151908875,
      0.10885485261678696,
      0.0996151715517044,
      0.09139909595251083,
      0.0928434357047081,
      0.08511785417795181,
      0.08953798562288284,
      0.08386694639921188,
      0.09074454754590988,
      0.08928203582763672,
      0.08776520192623138,
      0.08600186556577682,
      0.08200496435165405,
      0.08395794779062271,
      0.08449672907590866,
      0.08385014533996582,
      0.085364431142807,
      0.08465146273374557,
      0.0845109075307846,
      0.08580975979566574,
      0.0852183848619461,
      0.08599594235420227,
      0.08751209080219269,
      0.08724962174892426,
      0.08653461933135986,
      0.08653467893600464,
      0.08611060678958893,
      0.0870126411318779,
      0.08655543625354767,
      0.08698057383298874,
      0.08696547895669937
    ],
    "nonbonded_weight": [
      0.3588850796222687,
      0.3423711657524109,
      0.32729437947273254,
      0.3440818786621094,
      0.3453367352485657,
      0.32199886441230774,
      0.2692953050136566,
      0.24211448431015015,
      0.24337740242481232,
      0.23665466904640198,
      0.2349155694246292,
      0.23026563227176666,
      0.20491647720336914,
      0.1727622151374817,
      0.14433600008487701,
      0.08475789427757263,
      0.07713404297828674,
      0.09847095608711243,
      0.11704078316688538,
      0.11534294486045837,
      0.11407295614480972,
      0.12145562469959259,
      0.11636921763420105,
      0.12980957329273224,
      0.14137792587280273,
      0.17822112143039703,
      0.17281879484653473,
      0.18741416931152344,
      0.20389454066753387,
      0.21478381752967834,
      0.22702783346176147,
      0.2343066781759262,
      0.23969610035419464,
      0.2465355396270752,
      0.25519582629203796,
      0.2578577399253845,
      0.25332391262054443,
      0.25828251242637634,
      0.2562551498413086,
      0.25579965114593506,
      0.25506842136383057,
      0.2559746205806732,
      0.2574664056301117,
      0.25897109508514404,
      0.25845828652381897,
      0.25837790966033936,
      0.2579297721385956,
      0.2600634694099426,
      0.26041844487190247,
      0.26086610555648804,
      0.26131513714790344
    ]
  },
  "config": {
    "hariboss_csv": "hariboss/Complexes.csv",
    "graph_dir": "data/processed/graphs",
    "embeddings_path": "data/processed/ligand_embeddings.h5",
    "splits_file": "data/splits/splits.json",
    "atom_embed_dim": 32,
    "residue_embed_dim": 16,
    "hidden_irreps": "32x0e + 16x1o + 8x2e",
    "output_dim": 1536,
    "num_layers": 8,
    "num_radial_basis": 8,
    "use_multi_hop": true,
    "use_nonbonded": true,
    "use_weight_constraints": false,
    "use_gate": true,
    "use_layer_norm": true,
    "pooling_type": "attention",
    "dropout": 0.3,
    "batch_size": 1,
    "num_epochs": 300,
    "lr": 0.001,
    "weight_decay": 1e-05,
    "optimizer": "adam",
    "scheduler": "plateau",
    "patience": 30,
    "num_workers": 1,
    "grad_clip": 1.0,
    "train_ratio": 0.8,
    "val_ratio": 0.1,
    "seed": 42,
    "output_dir": "models/checkpoints_v2_normalized_1536_8_dropout_0.3",
    "save_every": 5,
    "resume": true,
    "checkpoint": "models/checkpoints_v2_normalized_1536_8_dropout_0.3/best_model.pt"
  }
}