{
  "train_loss": [
    1.0925893064366474,
    0.8707347371800969,
    0.8628456557831236,
    0.8540710066990196,
    0.8271587186739675,
    0.8180465442902988,
    0.7951029766909395,
    0.772499959418661,
    0.7594782888307954,
    0.7397066537267863,
    0.7430853217197639,
    0.7199797710017501,
    0.7279782244587581,
    0.6884965330698897,
    0.6997279815176919,
    0.6797832063183158,
    0.7018151118112174,
    0.6719764207912422,
    0.6506011830202975,
    0.6457256791038435,
    0.6581364009200426,
    0.6372514789736614,
    0.6118967667818681,
    0.5815294469941935,
    0.5933140886744802,
    0.5855819291953434,
    0.5778185847221091,
    0.5773150997553824,
    0.5444176375820039,
    0.571674276120364,
    0.5555711780087659,
    0.5606373547819239,
    0.5159052937373795,
    0.5248486909411036,
    0.5331799247525861,
    0.5273029302615956,
    0.5233158676271199,
    0.5054674667862743,
    0.505641479370255,
    0.49636789151606986,
    0.48672937984086834,
    0.4756565416954626,
    0.4765945594065519,
    0.47412660105815596,
    0.4594930133895157,
    0.45438991084281793,
    0.44240576888050204,
    0.4163219364459418,
    0.3846149360655866,
    0.3924337461164309,
    0.3837372174341178,
    0.3770386490309171,
    0.3696725945393851,
    0.36427695710246416,
    0.34337841396581464,
    0.3407195745173696,
    0.33215165168890304,
    0.334022277962317,
    0.31720559757768924,
    0.3213796719709828,
    0.31104008282402823,
    0.3026437359274933,
    0.30795369527514954,
    0.3156992943509954,
    0.3081349636011162,
    0.30547092040499685,
    0.28942125728946694,
    0.2891706003691787,
    0.2852422759114732,
    0.278067449644185,
    0.283012529428727,
    0.2785939797797303,
    0.2645983896352106,
    0.26673242090044263,
    0.2645999352549044,
    0.26766371118618093,
    0.26452852187924913,
    0.2565594228554433,
    0.2566649828491507,
    0.25813003286080594,
    0.24937444799378883,
    0.2519753925116002,
    0.2553946671862102,
    0.24671262048770057,
    0.2542346975540463,
    0.24715050213130715,
    0.25000970534697264,
    0.24852483649690324,
    0.24832157283118741,
    0.2461852332710019
  ],
  "val_loss": [
    1.0146068305023446,
    1.0215883976664424,
    0.9889845979854095,
    1.004440734209108,
    0.9994386172245356,
    0.9573783391763356,
    0.9639893280080527,
    0.9238813009636462,
    0.9302775646783104,
    0.8959484155759339,
    0.8822617794363952,
    0.9008157256959883,
    0.8431354569009513,
    0.8775264570289407,
    0.8672066573515411,
    0.8553147182976903,
    0.8161474127661098,
    0.8249762260224208,
    0.8464630902552408,
    0.8405363930404679,
    0.8383424892898433,
    0.7987830177072651,
    0.801200705926773,
    0.7938090105933592,
    0.7898770586764516,
    0.8113130827950052,
    0.8000038444133829,
    0.8078896456575098,
    0.7405089067587675,
    0.7798073101819547,
    0.7817042024482873,
    0.8029463336425872,
    0.7983136928894303,
    0.759504363864414,
    0.7402385393819533,
    0.7685870454023199,
    0.7293687651226343,
    0.793531201225667,
    0.7887342694592624,
    0.7054847582312654,
    0.7001381965954442,
    0.7191668804581007,
    0.7443334582792825,
    0.7185901349548959,
    0.755226335218869,
    0.7405880585867018,
    0.7221433967351913,
    0.6718005498193882,
    0.6948365261932173,
    0.6748484935580699,
    0.6776949345511346,
    0.7027750336372656,
    0.6993197275033175,
    0.7014245539249406,
    0.6891339741847362,
    0.6871650132604621,
    0.6633383825359759,
    0.658533981739551,
    0.6631915311305976,
    0.6459561055834012,
    0.6721216515245393,
    0.6876058490900707,
    0.6921467648988421,
    0.6800796187536653,
    0.7001951484025017,
    0.68539348745734,
    0.6793163551079217,
    0.6888696139154971,
    0.6823341916507679,
    0.6861271480914236,
    0.6582873728557312,
    0.6757651849395849,
    0.6820114092008511,
    0.677331595142826,
    0.6811687360817859,
    0.6862110942602158,
    0.6883010907437314,
    0.6915529467057714,
    0.6833575315896637,
    0.6821645490424938,
    0.6854045775618928,
    0.689248383206831,
    0.680034837323772,
    0.6841196822972337,
    0.6807371033201656,
    0.6794035923628767,
    0.680847009474581,
    0.6763398654928262,
    0.6789741076736842,
    0.6820926700972698
  ],
  "learnable_weights": {
    "angle_weight": [],
    "dihedral_weight": [],
    "nonbonded_weight": [
      0.32129502296447754,
      0.27190470695495605,
      0.2122967690229416,
      0.13759179413318634,
      0.14615926146507263,
      0.16208359599113464,
      0.20045606791973114,
      0.26614606380462646,
      0.2523716688156128,
      0.28785058856010437,
      0.2946223020553589,
      0.32108989357948303,
      0.34052643179893494,
      0.36164239048957825,
      0.3788951337337494,
      0.41256895661354065,
      0.4118880033493042,
      0.4388369023799896,
      0.4561958909034729,
      0.46321070194244385,
      0.5009387135505676,
      0.5182701349258423,
      0.5444036722183228,
      0.5777226686477661,
      0.5881520509719849,
      0.6136440634727478,
      0.655098557472229,
      0.6432817578315735,
      0.6353815197944641,
      0.6821597218513489,
      0.6708013415336609,
      0.7034200429916382,
      0.7095235586166382,
      0.7400248050689697,
      0.7401899695396423,
      0.7590868473052979,
      0.7583696246147156,
      0.7770162224769592,
      0.7928451895713806,
      0.8057637810707092,
      0.8350424766540527,
      0.8391342759132385,
      0.8338788747787476,
      0.8362810611724854,
      0.822095513343811,
      0.8745971918106079,
      0.860974907875061,
      0.8794043660163879,
      0.8846349120140076,
      0.8954527974128723,
      0.9093654155731201,
      0.9199084043502808,
      0.9286447763442993,
      0.9244277477264404,
      0.9322326183319092,
      0.9391540288925171,
      0.9435210824012756,
      0.9523553252220154,
      0.9602233171463013,
      0.9613081812858582,
      0.971933901309967,
      0.9720110297203064,
      0.9810373187065125,
      0.9791654944419861,
      0.9819178581237793,
      0.9861926436424255,
      0.985543966293335,
      0.9869030714035034,
      0.9875324368476868,
      0.9910810589790344,
      0.9881953597068787,
      0.9910848140716553,
      0.9924482703208923,
      0.9919567704200745,
      0.9926078915596008,
      0.9911105632781982,
      0.9942957758903503,
      0.9960590600967407,
      0.9965460300445557,
      0.9958804845809937,
      0.9959767460823059,
      0.9967842102050781,
      0.9973849058151245,
      0.9979215860366821,
      0.9973575472831726,
      0.9974581003189087,
      0.9978710412979126,
      0.9978695511817932,
      0.9983102083206177,
      0.9979953169822693
    ]
  },
  "config": {
    "hariboss_csv": "hariboss/Complexes.csv",
    "graph_dir": "data/processed/graphs",
    "embeddings_path": "data/processed/ligand_embeddings.h5",
    "splits_file": "data/splits/splits.json",
    "atom_embed_dim": 32,
    "residue_embed_dim": 16,
    "hidden_irreps": "32x0e + 16x1o + 8x2e",
    "output_dim": 1536,
    "num_layers": 4,
    "num_radial_basis": 8,
    "use_multi_hop": false,
    "use_nonbonded": true,
    "use_weight_constraints": false,
    "use_gate": true,
    "use_layer_norm": true,
    "pooling_type": "attention",
    "dropout": 0.1,
    "batch_size": 1,
    "num_epochs": 300,
    "lr": 0.001,
    "weight_decay": 1e-05,
    "optimizer": "adam",
    "scheduler": "plateau",
    "patience": 30,
    "num_workers": 1,
    "grad_clip": 1.0,
    "train_ratio": 0.8,
    "val_ratio": 0.1,
    "seed": 42,
    "output_dir": "models/checkpoints_v2_normalized_1536_4_dropout_0.10_non_multi_hop",
    "save_every": 5,
    "resume": false,
    "checkpoint": "models/checkpoints_v2_normalized_1351_4/best_model.pt"
  }
}