{
  "train_loss": [
    0.3514879959361968,
    0.3504295338220604,
    0.35116185911680575,
    0.3560542906529329,
    0.34834030033060537,
    0.34767535272450234,
    0.3501159707036489,
    0.3504894125376669,
    0.3541349936640024,
    0.35738669910890797,
    0.3509554696934837,
    0.3528392998467236,
    0.34757623759345047,
    0.35481683138731174,
    0.33915663176566146,
    0.3383832786622356,
    0.34051929489523936,
    0.3441878400811853,
    0.34339807388416704,
    0.34290380763020023,
    0.34168347656283166,
    0.3425327033393498,
    0.33907820940977706,
    0.34860511828363094,
    0.3354520099992946,
    0.3334201460358069,
    0.3307143115511191,
    0.33657367308327674,
    0.3318717295477966,
    0.33722549847669486,
    0.331918021985301,
    0.33755837655980026,
    0.3362970482318966,
    0.3311525441312233,
    0.33338891272480914,
    0.32301399528404634,
    0.33244159602028467,
    0.32650242016164993,
    0.32365987321755846,
    0.32988030258690443,
    0.32775065867092606,
    0.32870510123666274,
    0.3280869996810076,
    0.3268007307903348,
    0.33029160037296357,
    0.32402082173023716,
    0.32976196488524256,
    0.3313797932076105,
    0.3204741813060761,
    0.31904336740884326,
    0.3294089608672754,
    0.3231017643497832,
    0.32204401831465795
  ],
  "val_loss": [
    0.6504095481354589,
    0.6476212456545307,
    0.6469039430395385,
    0.6498249202874328,
    0.641388910260698,
    0.6458267626806724,
    0.642243414393757,
    0.642071798135919,
    0.6534343929730417,
    0.6411360036735693,
    0.6527090023525737,
    0.6467564365372431,
    0.6422360690680048,
    0.6519361098166093,
    0.6396459499143126,
    0.6508582004322863,
    0.6502078727795935,
    0.6392657961696386,
    0.6425898945159163,
    0.6379050454971466,
    0.6428249567546998,
    0.6407115737222566,
    0.629989228750125,
    0.6358852938956712,
    0.6539492481426636,
    0.6530071477144033,
    0.6482400653791452,
    0.6426113319991171,
    0.6373212199027011,
    0.6367523371749981,
    0.6448952828741763,
    0.6473602238688464,
    0.6520995741848611,
    0.6519843714373293,
    0.6560384564886778,
    0.6496208370162928,
    0.6468967428461703,
    0.6425999783610633,
    0.6461006951603022,
    0.6487575708503627,
    0.6484041082372597,
    0.6487628358246927,
    0.6528465711734881,
    0.6503693881706327,
    0.6551057839350514,
    0.6517120929327139,
    0.6527269469489428,
    0.6521750266032585,
    0.6527448256677093,
    0.6510416218502955,
    0.652114611207546,
    0.6505663919239497,
    0.6507948485918897
  ],
  "val_cosine_similarity": [
    0.6254534910602326,
    0.6315992788588705,
    0.6263901203763017,
    0.625102512896338,
    0.6299126328638762,
    0.6241808794284901,
    0.6256598134194155,
    0.6268138040688412,
    0.6153333321028998,
    0.6285701365140844,
    0.6195217092359854,
    0.6265241023891968,
    0.6259310236585535,
    0.6208471887829629,
    0.6299478380579101,
    0.6225133146320986,
    0.6227695712173158,
    0.6330635373207378,
    0.6288656927683691,
    0.6362120015931524,
    0.6407576394228895,
    0.6362784516435763,
    0.6471079892367279,
    0.6447632062087251,
    0.6242233564045804,
    0.6288872110418791,
    0.6364005385967325,
    0.631479506711822,
    0.642687012587697,
    0.6446664409080812,
    0.6357759643684734,
    0.6317408258511015,
    0.6289076046818052,
    0.6260712257901991,
    0.626378463935261,
    0.6306264320434618,
    0.6329598213923125,
    0.6352119853735463,
    0.6339270349491911,
    0.6323019049692252,
    0.6305843906184613,
    0.6316120148413191,
    0.6293203403696048,
    0.6307444463306962,
    0.6274922078067422,
    0.6288228818130764,
    0.6283203677874644,
    0.6295528455583517,
    0.6289360921075644,
    0.6297306177371821,
    0.6288919321815521,
    0.6302765991735033,
    0.6303803214903397
  ],
  "learnable_weights": {
    "angle_weight": [
      0.022886307910084724,
      0.021710211411118507,
      0.02180599234998226,
      0.022311944514513016,
      0.02307230606675148,
      0.023445555940270424,
      0.024390771985054016,
      0.02440044842660427,
      0.023688919842243195,
      0.024020623415708542,
      0.023955224081873894,
      0.023912614211440086,
      0.024345727637410164,
      0.02506956271827221,
      0.025033574551343918,
      0.025477083399891853,
      0.025176113471388817,
      0.025754692032933235,
      0.026377124711871147,
      0.027110937982797623,
      0.02646406553685665,
      0.027493132278323174,
      0.027156969532370567,
      0.0273148063570261,
      0.02752995677292347,
      0.0276890117675066,
      0.0280782300978899,
      0.028126513585448265,
      0.02755664847791195,
      0.027689438313245773,
      0.027483783662319183,
      0.02764318138360977,
      0.0280448067933321,
      0.028021056205034256,
      0.027983548119664192,
      0.02816915139555931,
      0.028369110077619553,
      0.028206871822476387,
      0.02829260379076004,
      0.02851092629134655,
      0.028396928682923317,
      0.02856626734137535,
      0.028610719367861748,
      0.028679385781288147,
      0.028703050687909126,
      0.028776448220014572,
      0.02879663184285164,
      0.028917737305164337,
      0.029055748134851456,
      0.029060743749141693,
      0.029051698744297028,
      0.029129134491086006,
      0.029158826917409897
    ],
    "dihedral_weight": [
      0.029805464670062065,
      0.030026201158761978,
      0.03027726337313652,
      0.03001803159713745,
      0.029672997072339058,
      0.03003980964422226,
      0.029496535658836365,
      0.02986791543662548,
      0.02939508855342865,
      0.0300124604254961,
      0.029871152713894844,
      0.03082622028887272,
      0.03041893057525158,
      0.03074387088418007,
      0.029414359480142593,
      0.029152989387512207,
      0.02959948219358921,
      0.02929813601076603,
      0.029472652822732925,
      0.02861088328063488,
      0.029642406851053238,
      0.02923036366701126,
      0.028310250490903854,
      0.029219985008239746,
      0.028872087597846985,
      0.029894374310970306,
      0.02988085336983204,
      0.028935827314853668,
      0.02845153771340847,
      0.028515305370092392,
      0.028714291751384735,
      0.0289111640304327,
      0.0295251477509737,
      0.028883686289191246,
      0.028674304485321045,
      0.029103180393576622,
      0.029214181005954742,
      0.029205892235040665,
      0.029448535293340683,
      0.02915864624083042,
      0.028873147442936897,
      0.028802545741200447,
      0.028824113309383392,
      0.02885144017636776,
      0.028835240751504898,
      0.028795955702662468,
      0.028807755559682846,
      0.02879895269870758,
      0.028702512383461,
      0.028663400560617447,
      0.028660966083407402,
      0.02861684001982212,
      0.02866854891180992
    ],