{
  "train_loss": [
    1.6884990493456522,
    1.6409635384877523,
    1.5831674178441366,
    1.5752740859985352,
    1.535139904419581,
    1.5524429043134054,
    1.4687479337056477,
    1.5294482270876566,
    1.4326042771339416,
    1.3215404589970907,
    1.232448548078537,
    1.2082448661327363,
    1.145884778102239,
    1.1235518236955007,
    1.0860426247119903,
    1.0686731060345969,
    1.0180503408114114,
    1.12275829911232,
    1.0121900697549184,
    1.0310805439949036,
    0.9333748837312063,
    1.000454992055893,
    0.8662730832894643,
    0.7713700046141942,
    0.8122411966323853,
    0.7987783700227737,
    0.7267695665359497,
    0.7492595126231512,
    0.7655171195665995,
    0.8128061463435491,
    0.7029382586479187,
    0.7099498798449834,
    0.7643984794616699,
    0.6521316518386205,
    0.6238295783599218,
    0.6676506559054057,
    0.7457245359818141,
    0.6388431151707967,
    0.6517505457003911,
    0.5597459346055984,
    0.5886194825172424,
    0.5638028293848037,
    0.6046019275983174,
    0.5100775311390559,
    0.5485954602559407,
    0.5679132342338562,
    0.523064453403155,
    0.5807882229487101,
    0.5084972163041432,
    0.5125235264499982,
    0.5195658177137374,
    0.5319383114576339,
    0.42610931446154915,
    0.45426767617464064,
    0.4473398784796397,
    0.4817606483896573,
    0.41298452069362007,
    0.4263273725907008,
    0.413619231681029,
    0.3689228986700376,
    0.35221884548664095,
    0.3944083015124003,
    0.422472083568573,
    0.401261176665624,
    0.3561277285218239,
    0.3969179044167201,
    0.43179500897725426,
    0.38557475606600444,
    0.3867222209771474,
    0.3977539837360382,
    0.36725444346666336,
    0.34918165057897566,
    0.3420865188042323,
    0.3352003787954648,
    0.34867464850346247,
    0.3605535055200259,
    0.3530052045981089,
    0.33721674382686617,
    0.34789309551318487,
    0.3145026296377182,
    0.33793123066425323,
    0.32754163146018983,
    0.3472004090746244,
    0.34356470704078673,
    0.3388188014427821,
    0.3333032230536143,
    0.31980890383323035,
    0.3374909058213234,
    0.3577049866318703,
    0.29624637415011723,
    0.39291440745194756,
    0.3526571730772654,
    0.3573640172680219
  ],
  "val_loss": [
    1.9837338626384735,
    1.9513986706733704,
    1.9310765266418457,
    1.9076546430587769,
    1.8844061493873596,
    1.8617390096187592,
    1.8325929939746857,
    1.8039831221103668,
    1.6100306808948517,
    1.4354723989963531,
    1.4547591805458069,
    1.5956473052501678,
    1.527052402496338,
    1.4526753723621368,
    1.4607530534267426,
    1.4038717150688171,
    1.4578823447227478,
    1.2880499958992004,
    1.3688395023345947,
    1.2293806821107864,
    1.1679766178131104,
    1.1310532689094543,
    1.0487759858369827,
    1.1169883459806442,
    1.1196473985910416,
    1.1262798309326172,
    1.0223842710256577,
    1.062999039888382,
    0.958326131105423,
    0.984276607632637,
    0.9696309566497803,
    0.8880099654197693,
    0.9021982103586197,
    0.8859417587518692,
    0.9230596870183945,
    0.9243062138557434,
    0.831436038017273,
    0.8250301331281662,
    0.8891070485115051,
    0.7726383656263351,
    0.8044992536306381,
    0.7861236482858658,
    0.8835796117782593,
    0.7608140707015991,
    0.7989516705274582,
    0.8465592861175537,
    0.8218028545379639,
    0.7482039704918861,
    0.8977055698633194,
    0.9125012457370758,
    0.7745515331625938,
    0.8041403144598007,
    0.7620232999324799,
    0.8973680734634399,
    0.7686638832092285,
    0.7451881766319275,
    0.7425962686538696,
    0.7132472097873688,
    0.734698548913002,
    0.7139014303684235,
    0.709044948220253,
    0.728434830904007,
    0.6641259789466858,
    0.690083459019661,
    0.721850298345089,
    0.7261721044778824,
    0.7389804124832153,
    0.7641468048095703,
    0.7660022079944611,
    0.7458448261022568,
    0.7543471977114677,
    0.7631446793675423,
    0.7197040766477585,
    0.7353110462427139,
    0.7320810705423355,
    0.7426065877079964,
    0.7361369878053665,
    0.7310139536857605,
    0.7202276512980461,
    0.741522029042244,
    0.7180877774953842,
    0.7054280266165733,
    0.7128433436155319,
    0.7199890539050102,
    0.7230995446443558,
    0.7238165140151978,
    0.7261985242366791,
    0.7192333564162254,
    0.7220801785588264,
    0.722590446472168,
    0.718511164188385,
    0.7208009585738182,
    0.7186300233006477
  ],
  "val_cosine_similarity": [
    0.054977286141365767,
    0.07324802502989769,
    0.07658289233222604,
    0.07489926367998123,
    0.07558070914819837,
    0.07756891194730997,
    0.08488304470665753,
    0.09525433275848627,
    0.15933948382735252,
    0.22486278414726257,
    0.24196939542889595,
    0.18802153691649437,
    0.2132035370450467,
    0.2319501768797636,
    0.23938986472785473,
    0.24557217210531235,
    0.23578281328082085,
    0.32265468686819077,
    0.25808945298194885,
    0.33364832401275635,
    0.3691354990005493,
    0.3946753405034542,
    0.4400663524866104,
    0.4088800549507141,
    0.4061497151851654,
    0.3953084722161293,
    0.45720527693629265,
    0.4443128779530525,
    0.48855581879615784,
    0.4743981659412384,
    0.4880802854895592,
    0.5372116938233376,
    0.5303201153874397,
    0.5434024408459663,
    0.502189964056015,
    0.5145272836089134,
    0.5597625821828842,
    0.5711648613214493,
    0.5388418883085251,
    0.5928260535001755,
    0.5788802206516266,
    0.5820866972208023,
    0.5477345213294029,
    0.6071732267737389,
    0.5760254338383675,
    0.5430590584874153,
    0.5602231398224831,
    0.6126702725887299,
    0.5203057304024696,
    0.5217736586928368,
    0.5766383484005928,
    0.572665311396122,
    0.5984263643622398,
    0.5112649127840996,
    0.5912267118692398,
    0.606687642633915,
    0.6101312935352325,
    0.6219271570444107,
    0.60762769728899,
    0.6214998364448547,
    0.6261435598134995,
    0.6052978932857513,
    0.6520290672779083,
    0.6363007575273514,
    0.6211142987012863,
    0.6154333651065826,
    0.6067772060632706,
    0.5857330933213234,
    0.5929691717028618,
    0.6008662432432175,
    0.6014209687709808,
    0.5941836982965469,
    0.6202147752046585,
    0.6086528301239014,
    0.6091055348515511,
    0.6067706942558289,
    0.6096594259142876,
    0.6113467812538147,
    0.6193376034498215,
    0.607153907418251,
    0.6202041730284691,
    0.6269689649343491,
    0.6226287335157394,
    0.6182449832558632,
    0.6170261353254318,
    0.6164803802967072,
    0.6151764839887619,
    0.6190425306558609,
    0.6174385249614716,
    0.6172063946723938,
    0.6195386648178101,
    0.6180743426084518,
    0.6190339028835297
  ],